Country,Not Willing,Willing
AE,4,6
AF,2,1
AL,3,2
AM,1,1
AQ,0,1
AR,16,13
AT,28,30
AU,600,437
AW,0,1
BA,0,2
BB,0,1
BD,2,0
BE,31,32
BG,13,8
BH,2,0
BM,0,1
BO,1,1
BR,18,33
BY,3,0
CA,3038,673
CH,23,30
CL,6,11
CN,13,10
CO,7,3
CR,3,0
CY,1,1
CZ,6,4
DE,118,128
DK,53,60
DO,0,1
DZ,1,1
EC,1,3
EE,12,25
EG,0,1
ES,29,38
ET,0,1
FI,21,34
FR,52,60
FX,8,4
GB,1691,569
GD,1,0
GE,1,0
GH,0,1
GI,0,1
GR,6,9
GT,0,1
GU,1,0
GY,0,1
HK,8,11
HN,0,1
HR,15,15
HU,9,6
ID,7,3
IE,110,101
IL,10,15
IN,44,34
IQ,0,1
IR,1,1
IS,19,24
IT,12,10
JM,0,1
JP,16,47
KE,0,1
KH,1,0
KP,1,0
KR,16,22
KW,1,1
KZ,0,1
LB,0,2
LT,7,17
LU,0,1
LV,2,7
MA,0,1
MD,0,1
MK,2,4
MT,7,9
MV,1,0
MW,1,0
MX,39,33
MY,23,17
NL,74,77
NO,45,93
NP,0,1
NZ,125,101
PA,0,1
PE,1,2
PH,18,29
PK,1,3
PL,24,27
PR,8,7
PT,16,21
PY,1,1
QA,1,2
RO,29,34
RU,9,35
SA,1,1
SB,1,0
SE,81,94
SG,51,47
SI,6,6
SK,5,4
TH,6,4
TN,1,1
TR,9,6
TT,2,1
TW,0,7
TZ,0,1
UA,4,8
UK,8,5
UM,2,0
US,27831,1883
UY,2,3
VE,4,0
VN,1,1
YU,4,7
ZA,30,19